source	chunk_index	text	length
allegehny_website	0	SOURCE: r/allegheny_college_website URL: https://allegheny.edu/student-life/clubs-and-organizations/ Over 130 clubs and organizations give Gators the opportunity to participate in a wide range of activities. You might gain experience with organizing, facilitating, marketing, finances, and leadership	300
allegehny_website	1	 facilitating, marketing, finances, and leadership, in addition to building friendships and just having fun! Allegheny clubs and organizations are open to all students without respect to sex, race, creed, national origin, sexual orientation, or ability/disability, and it’s our students who lead the 	300
allegehny_website	2	ty/disability, and it’s our students who lead the way in establishing and running the organizations they care about most — what groups will you be a part of?	157
best_colleges	0	Best Colleges Reviews (bestcolleges.com) Source: www.bestcolleges.com Type: Educational resource and ranking platform Description: Comprehensive resource library for college planning and career development Coverage: - 1,500+ college planning guides - 700+ program rankings - Degree rankings in psycho	300
best_colleges	1	 700+ program rankings - Degree rankings in psychology, business, healthcare, education, social work - Both undergraduate and graduate program comparisons Resources: - Test prep information (SAT, ACT, GMAT) - Financial aid guidance and FAFSA assistance - Scholarship databases organized by student de	300
best_colleges	2	ce - Scholarship databases organized by student demographics - Articles on free tuition and low-cost degree programs Credibility: Cited by Forbes, NBC, Bloomberg, USA Today, NY Times; 40+ expert reviewers Key Insight: Expert-reviewed resource with emphasis on affordability and comprehensive program 	300
best_colleges	3	phasis on affordability and comprehensive program comparisons.	62
cc_forum	0	SOURCE: r/college_confidential URL: https://talk.collegeconfidential.com/t/does-anyone-have-information-about-allegheny-college-in-pa/2068556/9 DATE: OCT, 2019 Vibe: middle of the road politically. “Study like an ivy, party like a state school” - though that may be an exaggeration. Pretty traditiona	300
cc_forum	1	ugh that may be an exaggeration. Pretty traditional NE liberal arts college. Greek life present, but only 25-30%. Student body not too ethnically diverse. More economically diverse, however, than lots of top-tier liberal arts schools. Students from PA, OH, NY, NJ Excellent write up in the book, “Col	300
cc_forum	2	A, OH, NY, NJ Excellent write up in the book, “Colleges that Change Lives”.	75
college_choice	0	College Choice Reviews (collegechoice.net) Source: www.collegechoice.net Type: Educational directory and ranking site Description: Helps students simplify college options through rankings and comparisons Features: - Ranking categories for best online colleges, affordable programs, specialized degree	300
college_choice	1	 colleges, affordable programs, specialized degrees - Navigation by location (state-based college searches) - Degree filtering (associate, bachelor's, master's, doctoral programs) - Topic guides for admissions, financial aid, scholarships - Popular rankings across business, healthcare, engineering f	300
college_choice	2	ankings across business, healthcare, engineering fields Key Insight: Focuses on making college selection more accessible through specialized ranking categories and state-based navigation.	187
college_confidential_forum	0	College Confidential Forum Reviews (collegeconfidential.com) Source: www.collegeconfidential.com Type: Online community and discussion forum Description: Comprehensive platform for college admissions guidance since 2001 Community Stats: - 22 million posts across thousands of topics - School-specific	300
college_confidential_forum	1	posts across thousands of topics - School-specific forums for 300+ institutions - Discussion topics: college planning, admissions chances, campus life - Free essay reviews and personalized college matching Services: - Scholarship search tool - Application timeline calendars - Campus tour resources -	300
college_confidential_forum	2	ation timeline calendars - Campus tour resources - Financial aid guidance - Peer feedback on college essays Key Insight: Largest community-driven college planning resource with unfiltered peer guidance on real student experiences.	230
niche_reviews	0	SOURCE: r/Niche niche_reviews_allegheny URL: https://www.niche.com/colleges/allegheny-college/students/ DATE: January, 2026 Socially, there were frat parties and on campus houses parties, dozens of clubs to join, and the college hosted events. Meadville itself wasn't too big, but Erie was only 30 mi	300
niche_reviews	1	lle itself wasn't too big, but Erie was only 30 minutes away. Peak N Peak skiing as a gym class was fun. Greek life exists but isn't overwhelming, and people are friends regardless of whether they were Greek.	208
niche_reviews_friends	0	SOURCE: r/Niche niche_reviews_allegheny URL: https://www.niche.com/colleges/allegheny-college/students/ DATE: January 22, 2021 I spent First Semester out of High School at Allegheny and then left to a larger university where I am much happier . I thought a small school was for me, but quickly found 	300
niche_reviews_friends	1	ught a small school was for me, but quickly found it boring and difficult to make friends. If you are not in a sport or group already, I found it difficult...Academically challenging but that was expected. I made more friends at new university in 2 days then I did the whole semester at Allegheny....	300
niche_reviews_friends	2	ays then I did the whole semester at Allegheny....Student just seem a "little off" or not really interested in making new friends from my perspective...Covid did not help the situation of course... I made several visits and stayed overnight before accepting and did not think I would have social prob	300
niche_reviews_friends	3	cepting and did not think I would have social problems at all	61
niche_sample	0	# Niche Student Reviews Overall Experience (4.2/5 stars): "Great school with strong academics but expensive. Financial aid varies widely. The campus is beautiful and safe. Community feel is strong if you get involved. Definitely worth visiting before applying - the tour doesn't capture the real vibe	300
niche_sample	1	 applying - the tour doesn't capture the real vibe." Academics (4.5/5 stars): "Professors genuinely care about teaching. Class sizes are reasonable even for introductory courses. Liberal arts requirement is annoying but actually makes you a well-rounded student. Workload is heavy but manageable if y	300
niche_sample	2	ded student. Workload is heavy but manageable if you start assignments early." Campus Life (3.8/5 stars): "Lots of clubs and activities. Sports scene is competitive but welcoming to non-athletes. Greek life is present but not required to have fun. Weekend activities exist beyond parties if you look 	300
niche_sample	3	ekend activities exist beyond parties if you look for them. Some weekends feel dead if you're not into the party scene." Dorms (3.2/5 stars): "First year dorms are cramped but functional. You make friends fast though. Upper-level housing varies dramatically in quality. Some juniors are in nice apart	300
niche_sample	4	tically in quality. Some juniors are in nice apartments, others in terrible converted buildings. Lottery system is frustrating. Many students move off-campus to avoid housing issues." Food (2.9/5 stars): "Dining hall quality is below average. Too many options means consistently mediocre execution. S	300
niche_sample	5	y options means consistently mediocre execution. Salad bar is fresh but limited. Pizza and pasta are decent standby options. Freshman meal plan is expensive for the quality. Many students switch to smaller plans or eat off-campus after first year." Social Scene (3.7/5 stars): "People here are friend	300
niche_sample	6	ocial Scene (3.7/5 stars): "People here are friendly and welcoming. Possible to have non-alcoholic social life but requires effort. Various affinity groups and clubs create different communities. Diverse student body in numbers but social circles can be cliquey. International student integration cou	300
niche_sample	7	 be cliquey. International student integration could be better." Value (3.4/5 stars): "Cost is high relative to some peer institutions. Financial aid packages are generous for some, disappointing for others. If you can negotiate, do it. Out-of-state cost is significant. Consider alternatives if cost	300
niche_sample	8	cost is significant. Consider alternatives if cost is your main concern. Worth the investment if you're getting good support." Safety & Environment (4.1/5 stars): "Campus is generally safe and well-maintained. Good lighting in most areas. Campus security is responsive. Some neighborhoods surrounding	300
niche_sample	9	rity is responsive. Some neighborhoods surrounding campus are less safe. Violent crime is rare but property crime happens. Feel comfortable walking around during day, cautious at night."	186
rate_my_professors	0	Rate My Professors Reviews (ratemyprofessors.com) Source: www.ratemyprofessors.com Type: Professor and course review platform Description: Student-generated platform for rating and reviewing individual professors Features: - Search professors by school or name - Anonymous rating submissions - User a	300
rate_my_professors	1	ol or name - Anonymous rating submissions - User account management for editing ratings - Community feedback on professor ratings - Searchable database across institutions Key Data Points Captured: - Professor quality assessments from students - Accessibility to teacher/course information - Anonymou	300
rate_my_professors	2	ssibility to teacher/course information - Anonymous participation encourages honest reviews - Campus-specific professor databases Key Insight: Provides granular feedback on teaching quality and professor-level experiences across colleges.	238
reddit	0	SOURCE: r/reddit URL: https://www.reddit.com/r/pittsburgh/comments/143n9y8/thoughts_on_allegheny_college/ Year: 2023 I was in greek life and I found it rewarding but it’s definitely not the social epicenter of the school. I wouldn’t say there’s really any one thing that dominates social life like sp	300
reddit	1	y any one thing that dominates social life like sports or Greek life, most people find their friends at clubs or classes and then the fun finds them instead of the other way around.	181
reddit_2	0	SOURCE: r/reddit URL: https://www.reddit.com/r/pittsburgh/comments/143n9y8/thoughts_on_allegheny_college/ Year: 2023 I would say it's great for getting into grad school and less so for getting a job, but everyone's situation is different and I wound up doing fine without grad school. Not sure how th	300
reddit_2	1	up doing fine without grad school. Not sure how the social life is, when I went there you were allowed to live off campus which was better for parties but now you can't. I'm sure there are still plenty of parties though. I would say to take advantage of the fact it is small. Meet a lot of people ear	300
reddit_2	2	 of the fact it is small. Meet a lot of people early on (just introduce yourself and learn their names, everyone wants to make friends) then you will run into people you know often. Meet people in your hall and get involved with something.	239
reddit_reviews	0	# Reddit r/college Discussions Posted on r/college: "I'm a junior here and honestly the experience has been mixed. Great professors in my major but the administration is frustratingly slow. Course registration is a nightmare - I had to wake up at 6am on registration day to get the classes I need. Al	300
reddit_reviews	1	 on registration day to get the classes I need. Also the WiFi in the library randomly disconnects during finals week when everyone needs it most." One student wrote: "Pros: Strong computer science program, excellent internship opportunities with major tech companies, good campus life, lots of clubs.	300
reddit_reviews	2	r tech companies, good campus life, lots of clubs. Cons: Expensive, financial aid wasn't generous, housing is a lottery system that's unfair, some dorms are actually terrible. Worth it if you get good aid." From a thread about studying abroad: "The study abroad office is amazing and actually helps y	300
reddit_reviews	3	tudy abroad office is amazing and actually helps you get scholarships for it. I spent a semester in Spain for less than staying on campus thanks to their grants. But getting permissions from my department was annoying - they wanted syllabi from every course even though I'd already been accepted to t	300
reddit_reviews	4	 course even though I'd already been accepted to the program." Senior reflection: "Looking back, the best part was the community I found through clubs and sports. The worst part was how expensive everything got after freshman year when you move off-campus. Pro tip: negotiate your lease or find roomm	300
reddit_reviews	5	ampus. Pro tip: negotiate your lease or find roommates first. Also, the career services office actually helped me land my job - don't skip those appointments." About mental health: "Counseling services have a 3-week wait time. That's unacceptable for students in crisis. They need more staff. There a	300
reddit_reviews	6	 students in crisis. They need more staff. There are off-campus therapists but they're not cheap. The peer support network helped me more than the official services honestly." Chemistry major thread: "Organic chemistry here is brutal. Class is 300 students, exams are curved but the average is usuall	300
reddit_reviews	7	udents, exams are curved but the average is usually 40-50%. Professor doesn't care that half the class fails - it's not changing. Lab component saves your grade if you put in effort. Either get a tutor or form a study group by week 1." On campus safety: "Campus is beautiful and feels safe during the	300
reddit_reviews	8	ty: "Campus is beautiful and feels safe during the day. At night some areas near the old science building are poorly lit. Campus security actually responds quickly when called. Parking lot assaults happened twice last year though, so be aware of your surroundings when leaving late events." Residenti	300
reddit_reviews	9	 surroundings when leaving late events." Residential life review: "Freshman dorms are small but you make lifelong friends. I roomed with my best friend from my dorm for the first two years. Junior year housing was miles better - actual privacy and good apartment-style setups. The lottery system for 	300
reddit_reviews	10	od apartment-style setups. The lottery system for housing is stressful though, many seniors don't get placed and have to go off-campus."	136
sample_reviews	0	# Sample College Reviews ## Professor Quality & Workload Professor Miller is engaging and knows the material well, but expects a lot from students. Exams are fairly graded and she gives partial credit generously. Expect 3-4 hours of homework per week for CS major courses. Students say her office hou	300
sample_reviews	1	 for CS major courses. Students say her office hours are invaluable if you're struggling. The introductory biology professor has terrible delivery and reading comprehension is optional for his exams. Reviews on Rate My Professors consistently mention he tests on material never discussed in lecture. 	300
sample_reviews	2	 he tests on material never discussed in lecture. Most pre-med students recommend finding a tutor by week 2. Chemistry professors here are known for harsh grading on problem sets, but the lab component is where you actually learn. Chemistry department doesn't curve exams, so studying with classmates	300
sample_reviews	3	t doesn't curve exams, so studying with classmates is essential. Average student spends 10-15 hours per week on chemistry coursework. ## Campus Life & Social Environment Dorm life first year is cramped but built community. Upper-level housing is significantly better if you get into the good dorms. H	300
sample_reviews	4	ificantly better if you get into the good dorms. Housing lottery system is frustrating and unfair. Many juniors and seniors move off-campus to avoid the lottery. Dining hall food is consistently mediocre. Harris dining has the best selection but the most crowded. Breakfast is actually decent if you 	300
sample_reviews	5	most crowded. Breakfast is actually decent if you go before 9am. Many students get meal plans with fewer meals after freshman year and use the dining points strategically. Social scene is cliquey if you don't join clubs early. Greek life dominates weekends but there are non-Greek alternatives. LGBTQ	300
sample_reviews	6	ekends but there are non-Greek alternatives. LGBTQ+ community is visible and supported but still navigating inclusion issues. Mental health resources exist but have long wait times for counseling. ## Financial & Post-Grad Outcomes Financial aid packages vary wildly. Merit scholarships are competitiv	300
sample_reviews	7	ges vary wildly. Merit scholarships are competitive. Out-of-state students often pay significantly more. Student loans are required unless family income is very high. Many students work part-time jobs to cover living expenses. Internship recruiting is strong in finance and tech, weaker in humanities	300
sample_reviews	8	s strong in finance and tech, weaker in humanities. Career services office is helpful but understaffed. Class of 2023 graduates had mixed outcomes: tech jobs paid 70-90k starting, liberal arts majors took longer to find roles. Network is strong if you use it. Post-grad employment data isn't transpar	300
sample_reviews	9	u use it. Post-grad employment data isn't transparent. Many recent grads took jobs outside their major. Graduate school acceptance rates are decent but no official statistics published. Alumni network is active in coastal cities, sparse elsewhere. ## Specific Complaints & Praise The registrar's offi	300
sample_reviews	10	 Specific Complaints & Praise The registrar's office is a nightmare for course conflicts. Registration is first-come-first-served and servers crash every year. Getting a straight answer about requirements takes visiting 3 different offices. Graduation requirements are confusing and poorly documented	300
sample_reviews	11	n requirements are confusing and poorly documented. Library is beautiful and well-maintained. Study spaces are usually available except during midterms and finals. WiFi is reliable. Printing system is outdated and frustrating. The administration is responsive to student concerns about housing and sa	300
sample_reviews	12	esponsive to student concerns about housing and safety. Campus is well-lit and feels safe at night. Parking on campus is nearly impossible; most students use street parking or the overflow lot 1.5 miles away.	208
